PassengerId,Survived,Pclass,Sex,Age,Fare,FamilySize,isAlone,Title,Name_Len
1,0,3,1,22.0,7.25,2,0,0,23
2,1,1,0,38.0,71.2833,2,0,1,51
3,1,3,0,26.0,7.925,1,1,16,22
4,1,1,0,35.0,53.1,2,0,1,44
5,0,3,1,35.0,8.05,1,1,0,24
6,0,3,1,29.69911764705882,8.4583,1,1,0,16
7,0,1,1,54.0,51.8625,1,1,0,23
8,0,3,1,2.0,21.075,5,0,2,30
9,1,3,0,27.0,11.1333,3,0,1,49
10,1,2,0,14.0,30.0708,2,0,1,35
11,1,3,0,4.0,16.7,3,0,16,31
12,1,1,0,58.0,26.55,1,1,16,24
13,0,3,1,20.0,8.05,1,1,0,30
14,0,3,1,39.0,31.275,7,0,0,27
15,0,3,0,14.0,7.8542,1,1,16,36
16,1,2,0,55.0,16.0,1,1,1,32
17,0,3,1,2.0,29.125,6,0,2,20
18,1,2,1,29.69911764705882,13.0,1,1,0,28
19,0,3,0,31.0,18.0,2,0,1,55
20,1,3,0,29.69911764705882,7.225,1,1,1,23
21,0,2,1,35.0,26.0,1,1,0,20
22,1,2,1,34.0,13.0,1,1,0,21
23,1,3,0,15.0,8.0292,1,1,16,27
24,1,1,1,28.0,35.5,1,1,0,28
25,0,3,0,8.0,21.075,5,0,16,29
26,1,3,0,38.0,31.3875,7,0,1,57
27,0,3,1,29.69911764705882,7.225,1,1,0,23
28,0,1,1,19.0,263.0,6,0,0,30
29,1,3,0,29.69911764705882,7.8792,1,1,16,29
30,0,3,1,29.69911764705882,7.8958,1,1,0,19
31,0,1,1,40.0,27.7208,1,1,9,24
32,1,1,0,29.69911764705882,146.5208,2,0,1,46
33,1,3,0,29.69911764705882,7.75,1,1,16,24
34,0,2,1,66.0,10.5,1,1,0,21
35,0,1,1,28.0,82.1708,2,0,0,23
36,0,1,1,42.0,52.0,2,0,0,30
37,1,3,1,29.69911764705882,7.2292,1,1,0,16
38,0,3,1,21.0,8.05,1,1,0,24
39,0,3,0,18.0,18.0,3,0,16,34
40,1,3,0,14.0,11.2417,2,0,16,27
41,0,3,0,40.0,9.475,2,0,1,46
42,0,2,0,27.0,21.0,2,0,1,56
43,0,3,1,29.69911764705882,7.8958,1,1,0,19
44,1,2,0,3.0,41.5792,4,0,16,40
45,1,3,0,19.0,7.8792,1,1,16,29
46,0,3,1,29.69911764705882,8.05,1,1,0,24
47,0,3,1,29.69911764705882,15.5,2,0,0,17
48,1,3,0,29.69911764705882,7.75,1,1,16,25
49,0,3,1,29.69911764705882,21.6792,3,0,0,19
50,0,3,0,18.0,17.8,2,0,1,45
51,0,3,1,7.0,39.6875,6,0,2,26
52,0,3,1,21.0,7.8,1,1,0,28
53,1,1,0,49.0,76.7292,2,0,1,40
54,1,2,0,29.0,26.0,2,0,1,50
55,0,1,1,65.0,61.9792,2,0,0,30
56,1,1,1,29.69911764705882,35.5,1,1,0,17
57,1,2,0,21.0,10.5,1,1,16,17
58,0,3,1,28.5,7.2292,1,1,0,19
59,1,2,0,5.0,27.75,4,0,16,28
60,0,3,1,11.0,46.9,8,0,2,34
61,0,3,1,22.0,7.2292,1,1,0,21
62,1,1,0,38.0,80.0,1,1,16,19
63,0,1,1,45.0,83.475,2,0,0,27
64,0,3,1,4.0,27.9,6,0,2,21
65,0,1,1,29.69911764705882,27.7208,1,1,0,21
66,1,3,1,29.69911764705882,15.2458,3,0,2,24
67,1,2,0,29.0,10.5,1,1,1,28
68,0,3,1,19.0,8.1583,1,1,0,24
69,1,3,0,17.0,7.925,7,0,16,31
70,0,3,1,26.0,8.6625,3,0,0,17
71,0,2,1,32.0,10.5,1,1,0,26
72,0,3,0,16.0,46.9,8,0,16,26
73,0,2,1,21.0,73.5,1,1,0,20
74,0,3,1,26.0,14.4542,2,0,0,27
75,1,3,1,32.0,56.4958,1,1,0,13
76,0,3,1,25.0,7.65,1,1,0,23
77,0,3,1,29.69911764705882,7.8958,1,1,0,17
78,0,3,1,29.69911764705882,8.05,1,1,0,24
79,1,2,1,0.83,29.0,3,0,2,29
80,1,3,0,30.0,12.475,1,1,16,24
81,0,3,1,22.0,9.0,1,1,0,20
82,1,3,1,29.0,9.5,1,1,0,27
83,1,3,0,29.69911764705882,7.7875,1,1,16,30
84,0,1,1,28.0,47.1,1,1,0,23
85,1,2,0,17.0,10.5,1,1,16,19
86,1,3,0,33.0,15.85,4,0,1,55
87,0,3,1,16.0,34.375,5,0,0,22
88,0,3,1,29.69911764705882,8.05,1,1,0,29
89,1,1,0,23.0,263.0,6,0,16,26
90,0,3,1,24.0,8.05,1,1,0,22
91,0,3,1,29.0,8.05,1,1,0,20
92,0,3,1,20.0,7.8542,1,1,0,26
93,0,1,1,46.0,61.175,2,0,0,27
94,0,3,1,26.0,20.575,4,0,0,23
95,0,3,1,59.0,7.25,1,1,0,17
96,0,3,1,29.69911764705882,8.05,1,1,0,27
97,0,1,1,71.0,34.6542,1,1,0,25
98,1,1,1,23.0,63.3583,2,0,0,31
99,1,2,0,34.0,23.0,2,0,1,36
100,0,2,1,34.0,26.0,2,0,0,17
101,0,3,0,28.0,7.8958,1,1,16,23
102,0,3,1,29.69911764705882,7.8958,1,1,0,32
103,0,1,1,21.0,77.2875,2,0,0,25
104,0,3,1,33.0,8.6542,1,1,0,26
105,0,3,1,37.0,7.925,3,0,0,30
106,0,3,1,28.0,7.8958,1,1,0,21
107,1,3,0,21.0,7.65,1,1,16,32
108,1,3,1,29.69911764705882,7.775,1,1,0,22
109,0,3,1,38.0,7.8958,1,1,0,15
110,1,3,0,29.69911764705882,24.15,2,0,16,19
111,0,1,1,47.0,52.0,1,1,0,30
112,0,3,0,14.5,14.4542,2,0,16,20
113,0,3,1,22.0,8.05,1,1,0,22
114,0,3,0,20.0,9.825,2,0,16,23
115,0,3,0,17.0,14.4583,1,1,16,21
116,0,3,1,21.0,7.925,1,1,0,21
117,0,3,1,70.5,7.75,1,1,0,20
118,0,2,1,29.0,21.0,2,0,0,31
119,0,1,1,24.0,247.5208,2,0,0,24
120,0,3,0,2.0,31.275,7,0,16,33
121,0,2,1,21.0,73.5,3,0,0,27
122,0,3,1,29.69911764705882,8.05,1,1,0,26
123,0,2,1,32.5,30.0708,2,0,0,20
124,1,2,0,32.5,13.0,1,1,16,19
125,0,1,1,54.0,77.2875,2,0,0,27
126,1,3,1,12.0,11.2417,2,0,2,28
127,0,3,1,29.69911764705882,7.75,1,1,0,19
128,1,3,1,24.0,7.1417,1,1,0,25
129,1,3,0,29.69911764705882,22.3583,3,0,16,17
130,0,3,1,45.0,6.975,1,1,0,18
131,0,3,1,33.0,7.8958,1,1,0,20
132,0,3,1,20.0,7.05,1,1,0,30
133,0,3,0,47.0,14.5,2,0,1,46
134,1,2,0,29.0,26.0,2,0,1,45
135,0,2,1,25.0,13.0,1,1,0,30
136,0,2,1,23.0,15.0458,1,1,0,18
137,1,1,0,19.0,26.2833,3,0,16,28
138,0,1,1,37.0,53.1,2,0,0,27
139,0,3,1,16.0,9.2167,1,1,0,19
140,0,1,1,24.0,79.2,1,1,0,18
141,0,3,0,29.69911764705882,15.2458,3,0,1,29
142,1,3,0,22.0,7.75,1,1,16,24
143,1,3,0,24.0,15.85,2,0,1,52
144,0,3,1,19.0,6.75,1,1,0,19
145,0,2,1,18.0,11.5,1,1,0,26
146,0,2,1,19.0,36.75,3,0,0,28
147,1,3,1,27.0,7.7958,1,1,0,44
148,0,3,0,9.0,34.375,5,0,16,32
149,0,2,1,36.5,26.0,3,0,0,40
150,0,2,1,42.0,13.0,1,1,4,33
151,0,2,1,51.0,12.525,1,1,4,26
152,1,1,0,22.0,66.6,2,0,1,33
153,0,3,1,55.5,8.05,1,1,0,16
154,0,3,1,40.5,14.5,3,0,0,31
155,0,3,1,29.69911764705882,7.3125,1,1,0,21
156,0,1,1,51.0,61.3792,2,0,0,27
157,1,3,0,16.0,7.7333,1,1,16,32
158,0,3,1,30.0,8.05,1,1,0,15
159,0,3,1,29.69911764705882,8.6625,1,1,0,19
160,0,3,1,29.69911764705882,69.55,11,0,2,26
161,0,3,1,44.0,16.1,2,0,0,24
162,1,2,0,40.0,15.75,1,1,1,50
163,0,3,1,26.0,7.775,1,1,0,26
164,0,3,1,17.0,8.6625,1,1,0,15
165,0,3,1,1.0,39.6875,6,0,2,28
166,1,3,1,9.0,20.525,3,0,2,47
167,1,1,0,29.69911764705882,55.0,2,0,1,38
168,0,3,0,45.0,27.9,6,0,1,47
169,0,1,1,29.69911764705882,25.925,1,1,0,19
170,0,3,1,28.0,56.4958,1,1,0,13
171,0,1,1,61.0,33.5,1,1,0,25
172,0,3,1,4.0,29.125,6,0,2,20
173,1,3,0,1.0,11.1333,3,0,16,28
174,0,3,1,21.0,7.925,1,1,0,25
175,0,1,1,56.0,30.6958,1,1,0,23
176,0,3,1,18.0,7.8542,3,0,0,22
177,0,3,1,29.69911764705882,25.4667,5,0,2,29
178,0,1,0,50.0,28.7125,1,1,16,26
179,0,2,1,30.0,13.0,1,1,0,18
180,0,3,1,36.0,0.0,1,1,0,19
181,0,3,0,29.69911764705882,69.55,11,0,16,28
182,0,2,1,29.69911764705882,15.05,1,1,0,16
183,0,3,1,9.0,31.3875,7,0,2,37
184,1,2,1,1.0,39.0,4,0,2,25
185,1,3,0,4.0,22.025,3,0,16,35
186,0,1,1,29.69911764705882,50.0,1,1,0,21
187,1,3,0,29.69911764705882,15.5,2,0,1,47
188,1,1,1,45.0,26.55,1,1,0,45
189,0,3,1,40.0,15.5,3,0,0,16
190,0,3,1,36.0,7.8958,1,1,0,19
191,1,2,0,32.0,13.0,1,1,1,19
192,0,2,1,19.0,13.0,1,1,0,21
193,1,3,0,19.0,7.8542,2,0,16,47
194,1,2,1,3.0,26.0,3,0,2,26
195,1,1,0,44.0,27.7208,1,1,1,41
196,1,1,0,58.0,146.5208,1,1,16,20
197,0,3,1,29.69911764705882,7.75,1,1,0,19
198,0,3,1,42.0,8.4042,2,0,0,32
199,1,3,0,29.69911764705882,7.75,1,1,16,32
200,0,2,0,24.0,13.0,1,1,16,38
201,0,3,1,28.0,9.5,1,1,0,30
202,0,3,1,29.69911764705882,69.55,11,0,0,19
203,0,3,1,34.0,6.4958,1,1,0,26
204,0,3,1,45.5,7.225,1,1,0,20
205,1,3,1,18.0,8.05,1,1,0,24
206,0,3,0,2.0,10.4625,2,0,16,26
207,0,3,1,32.0,15.85,2,0,0,26
208,1,3,1,26.0,18.7875,1,1,0,27
209,1,3,0,16.0,7.75,1,1,16,25
210,1,1,1,40.0,31.0,1,1,0,16
211,0,3,1,24.0,7.05,1,1,0,14
212,1,2,0,35.0,21.0,1,1,16,26
213,0,3,1,22.0,7.25,1,1,0,22
214,0,2,1,30.0,13.0,1,1,0,27
215,0,3,1,29.69911764705882,7.75,2,0,0,19
216,1,1,0,31.0,113.275,2,0,16,23
217,1,3,0,27.0,7.925,1,1,16,22
218,0,2,1,42.0,27.0,2,0,0,28
219,1,1,0,32.0,76.2917,1,1,16,21
220,0,2,1,30.0,10.5,1,1,0,18
221,1,3,1,16.0,8.05,1,1,0,30
222,0,2,1,27.0,13.0,1,1,0,20
223,0,3,1,51.0,8.05,1,1,0,23
224,0,3,1,29.69911764705882,7.8958,1,1,0,20
225,1,1,1,38.0,90.0,2,0,0,28
226,0,3,1,22.0,9.35,1,1,0,28
227,1,2,1,19.0,10.5,1,1,0,25
228,0,3,1,20.5,7.25,1,1,0,31
229,0,2,1,18.0,13.0,1,1,0,25
230,0,3,0,29.69911764705882,25.4667,5,0,16,23
231,1,1,0,35.0,83.475,2,0,1,44
232,0,3,1,29.0,7.775,1,1,0,24
233,0,2,1,59.0,13.5,1,1,0,25
234,1,3,0,5.0,31.3875,7,0,16,30
235,0,2,1,24.0,10.5,1,1,0,33
236,0,3,0,29.69911764705882,7.55,1,1,16,28
237,0,2,1,44.0,26.0,2,0,0,17
238,1,2,0,8.0,26.25,3,0,16,32
239,0,2,1,19.0,10.5,1,1,0,31
240,0,2,1,33.0,12.275,1,1,0,22
241,0,3,0,29.69911764705882,14.4542,2,0,16,21
242,1,3,0,29.69911764705882,15.5,2,0,16,30
243,0,2,1,29.0,10.5,1,1,0,31
244,0,3,1,22.0,7.125,1,1,0,29
245,0,3,1,30.0,7.225,1,1,0,20
246,0,1,1,44.0,90.0,3,0,3,27
247,0,3,0,25.0,7.775,1,1,16,37
248,1,2,0,24.0,14.5,3,0,1,31
249,1,1,1,37.0,52.5542,3,0,0,29
250,0,2,1,54.0,26.0,2,0,4,29
251,0,3,1,29.69911764705882,7.25,1,1,0,22
252,0,3,0,29.0,10.4625,3,0,1,42
253,0,1,1,62.0,26.55,1,1,0,25
254,0,3,1,30.0,16.1,2,0,0,24
255,0,3,0,41.0,20.2125,3,0,1,40
256,1,3,0,29.0,15.2458,3,0,1,39
257,1,1,0,29.69911764705882,79.2,1,1,1,30
258,1,1,0,30.0,86.5,1,1,16,20
259,1,1,0,35.0,512.3292,1,1,16,16
260,1,2,0,50.0,26.0,2,0,1,27
261,0,3,1,29.69911764705882,7.75,1,1,0,17
262,1,3,1,3.0,31.3875,7,0,2,33
263,0,1,1,52.0,79.65,3,0,0,17
264,0,1,1,40.0,0.0,1,1,0,21
265,0,3,0,29.69911764705882,7.75,1,1,16,18
266,0,2,1,36.0,10.5,1,1,0,17
267,0,3,1,16.0,39.6875,6,0,0,25
268,1,3,1,25.0,7.775,2,0,0,24
269,1,1,0,58.0,153.4625,2,0,1,45
270,1,1,0,35.0,135.6333,1,1,16,22
271,0,1,1,29.69911764705882,31.0,1,1,0,21
272,1,3,1,25.0,0.0,1,1,0,28
273,1,2,0,41.0,19.5,2,0,1,41
274,0,1,1,37.0,29.7,2,0,0,21
275,1,3,0,29.69911764705882,7.75,1,1,16,26
276,1,1,0,63.0,77.9583,2,0,16,33
277,0,3,0,45.0,7.75,1,1,16,33
278,0,2,1,29.69911764705882,0.0,1,1,0,27
279,0,3,1,7.0,29.125,6,0,2,18
280,1,3,0,35.0,20.25,3,0,1,32
281,0,3,1,65.0,7.75,1,1,0,16
282,0,3,1,28.0,7.8542,1,1,0,32
283,0,3,1,16.0,9.5,1,1,0,25
284,1,3,1,19.0,8.05,1,1,0,26
285,0,1,1,29.69911764705882,26.0,1,1,0,26
286,0,3,1,33.0,8.6625,1,1,0,19
287,1,3,1,30.0,9.5,1,1,0,23
288,0,3,1,22.0,7.8958,1,1,0,20
289,1,2,1,42.0,13.0,1,1,0,20
290,1,3,0,22.0,7.75,1,1,16,20
291,1,1,0,26.0,78.85,1,1,16,28
292,1,1,0,19.0,91.0792,2,0,1,39
293,0,2,1,36.0,12.875,1,1,0,22
294,0,3,0,24.0,8.85,1,1,16,19
295,0,3,1,24.0,7.8958,1,1,0,16
296,0,1,1,29.69911764705882,27.7208,1,1,0,17
297,0,3,1,23.5,7.2292,1,1,0,18
298,0,1,0,2.0,151.55,4,0,16,28
299,1,1,1,29.69911764705882,30.5,1,1,0,21
300,1,1,0,50.0,247.5208,2,0,1,47
301,1,3,0,29.69911764705882,7.75,1,1,16,40
302,1,3,1,29.69911764705882,23.25,3,0,0,18
303,0,3,1,19.0,0.0,1,1,0,31
304,1,2,0,29.69911764705882,12.35,1,1,16,19
305,0,3,1,29.69911764705882,8.05,1,1,0,33
306,1,1,1,0.92,151.55,4,0,2,30
307,1,1,0,29.69911764705882,110.8833,1,1,16,23
308,1,1,0,17.0,108.9,2,0,1,82
309,0,2,1,30.0,24.0,2,0,0,19
310,1,1,0,30.0,56.9292,1,1,16,30
311,1,1,0,24.0,83.1583,1,1,16,30
312,1,1,0,18.0,262.375,5,0,16,26
313,0,2,0,26.0,26.0,3,0,1,37
314,0,3,1,28.0,7.8958,1,1,0,22
315,0,2,1,43.0,26.25,3,0,0,18
316,1,3,0,26.0,7.8542,1,1,16,31
317,1,2,0,24.0,26.0,2,0,1,35
318,0,2,1,54.0,14.0,1,1,3,20
319,1,1,0,31.0,164.8667,3,0,16,24
320,1,1,0,40.0,134.5,3,0,1,56
321,0,3,1,22.0,7.25,1,1,0,18
322,0,3,1,27.0,7.8958,1,1,0,16
323,1,2,0,30.0,12.35,1,1,16,25
324,1,2,0,22.0,29.0,3,0,1,51
325,0,3,1,29.69911764705882,69.55,11,0,0,24
326,1,1,0,36.0,135.6333,1,1,16,24
327,0,3,1,61.0,6.2375,1,1,0,25
328,1,2,0,36.0,13.0,1,1,1,23
329,1,3,0,31.0,20.525,3,0,1,46
330,1,1,0,16.0,57.9792,2,0,16,28
331,1,3,0,29.69911764705882,23.25,3,0,16,18
332,0,1,1,45.5,28.5,1,1,0,19
333,0,1,1,38.0,153.4625,2,0,0,25
334,0,3,1,16.0,18.0,3,0,0,31
335,1,1,0,29.69911764705882,133.65,2,0,1,50
336,0,3,1,29.69911764705882,7.8958,1,1,0,18
337,0,1,1,29.0,66.6,2,0,0,25
338,1,1,0,41.0,134.5,1,1,16,31
339,1,3,1,45.0,8.05,1,1,0,21
340,0,1,1,45.0,35.5,1,1,0,28
341,1,2,1,2.0,26.0,3,0,2,30
342,1,1,0,24.0,263.0,6,0,16,30
343,0,2,1,28.0,13.0,1,1,0,26
344,0,2,1,25.0,13.0,1,1,0,42
345,0,2,1,36.0,13.0,1,1,0,23
346,1,2,0,24.0,13.0,1,1,16,29
347,1,2,0,40.0,13.0,1,1,16,25
348,1,3,0,29.69911764705882,16.1,2,0,1,41
349,1,3,1,3.0,15.9,3,0,2,38
350,0,3,1,42.0,8.6625,1,1,0,16
351,0,3,1,23.0,9.225,1,1,0,22
352,0,1,1,29.69911764705882,35.0,1,1,0,38
353,0,3,1,15.0,7.2292,3,0,0,18
354,0,3,1,25.0,17.8,2,0,0,25
355,0,3,1,29.69911764705882,7.225,1,1,0,17
356,0,3,1,28.0,9.5,1,1,0,27
357,1,1,0,22.0,55.0,2,0,16,27
358,0,2,0,38.0,13.0,1,1,16,25
359,1,3,0,29.69911764705882,7.8792,1,1,16,20
360,1,3,0,29.69911764705882,7.8792,1,1,16,33
361,0,3,1,40.0,27.9,6,0,0,18
362,0,2,1,29.0,27.7208,2,0,0,25
363,0,3,0,45.0,14.4542,2,0,1,31
364,0,3,1,35.0,7.05,1,1,0,15
365,0,3,1,29.69911764705882,15.5,2,0,0,19
366,0,3,1,30.0,7.25,1,1,0,30
367,1,1,0,60.0,75.25,2,0,1,48
368,1,3,0,29.69911764705882,7.2292,1,1,1,30
369,1,3,0,29.69911764705882,7.75,1,1,16,19
370,1,1,0,24.0,69.3,1,1,11,29
371,1,1,1,25.0,55.4417,2,0,0,27
372,0,3,1,18.0,6.4958,2,0,0,25
373,0,3,1,19.0,8.05,1,1,0,26
374,0,1,1,22.0,135.6333,1,1,0,19
375,0,3,0,3.0,21.075,5,0,16,26
376,1,1,0,29.69911764705882,82.1708,2,0,1,37
377,1,3,0,22.0,7.25,1,1,16,31
378,0,1,1,27.0,211.5,3,0,0,25
379,0,3,1,20.0,4.0125,1,1,0,19
380,0,3,1,19.0,7.775,1,1,0,27
381,1,1,0,42.0,227.525,1,1,16,21
382,1,3,0,1.0,15.7417,3,0,16,27
383,0,3,1,32.0,7.925,1,1,0,18
384,1,1,0,35.0,52.0,2,0,1,51
385,0,3,1,29.69911764705882,7.8958,1,1,0,22
386,0,2,1,18.0,73.5,1,1,0,25
387,0,3,1,1.0,46.9,8,0,2,31
388,1,2,0,36.0,13.0,1,1,16,16
389,0,3,1,29.69911764705882,7.7292,1,1,0,20
390,1,2,0,17.0,12.0,1,1,16,21
391,1,1,1,36.0,120.0,4,0,0,26
392,1,3,1,21.0,7.7958,1,1,0,22
393,0,3,1,28.0,7.925,3,0,0,28
394,1,1,0,23.0,113.275,2,0,16,22
395,1,3,0,24.0,16.7,3,0,1,51
396,0,3,1,22.0,7.7958,1,1,0,19
397,0,3,0,31.0,7.8542,1,1,16,19
398,0,2,1,46.0,26.0,1,1,0,23
399,0,2,1,23.0,10.5,1,1,3,16
400,1,2,0,28.0,12.65,1,1,1,32
401,1,3,1,39.0,7.925,1,1,0,18
402,0,3,1,26.0,8.05,1,1,0,15
403,0,3,0,21.0,9.825,2,0,16,24
404,0,3,1,28.0,15.85,2,0,0,30
405,0,3,0,20.0,8.6625,1,1,16,23
406,0,2,1,34.0,21.0,2,0,0,18
407,0,3,1,51.0,7.75,1,1,0,32
408,1,2,1,3.0,18.75,3,0,2,30
409,0,3,1,21.0,7.775,1,1,0,33
410,0,3,0,29.69911764705882,25.4667,5,0,16,18
411,0,3,1,29.69911764705882,7.8958,1,1,0,18
412,0,3,1,29.69911764705882,6.8583,1,1,0,15
413,1,1,0,33.0,90.0,2,0,16,22
414,0,2,1,29.69911764705882,0.0,1,1,0,30
415,1,3,1,44.0,7.925,1,1,0,25
416,0,3,0,29.69911764705882,8.05,1,1,1,39
417,1,2,0,34.0,32.5,3,0,1,47
418,1,2,0,18.0,13.0,3,0,16,29
419,0,2,1,30.0,13.0,1,1,0,26
420,0,3,0,10.0,24.15,3,0,16,25
421,0,3,1,29.69911764705882,7.8958,1,1,0,22
422,0,3,1,21.0,7.7333,1,1,0,19
423,0,3,1,29.0,7.875,1,1,0,18
424,0,3,0,28.0,14.4,3,0,1,54
425,0,3,1,18.0,20.2125,3,0,0,27
426,0,3,1,29.69911764705882,7.25,1,1,0,22
427,1,2,0,28.0,26.0,2,0,1,43
428,1,2,0,19.0,26.0,1,1,16,67
429,0,3,1,29.69911764705882,7.75,1,1,0,16
430,1,3,1,32.0,8.05,1,1,0,34
431,1,1,1,28.0,26.55,1,1,0,41
432,1,3,0,29.69911764705882,16.1,2,0,1,49
433,1,2,0,42.0,26.0,2,0,1,51
434,0,3,1,17.0,7.125,1,1,0,26
435,0,1,1,50.0,55.9,2,0,0,25
436,1,1,0,14.0,120.0,4,0,16,25
437,0,3,0,21.0,34.375,5,0,16,36
438,1,2,0,24.0,18.75,6,0,1,37
439,0,1,1,64.0,263.0,6,0,0,17
440,0,2,1,31.0,10.5,1,1,0,38
441,1,2,0,45.0,26.25,3,0,1,43
442,0,3,1,20.0,9.5,1,1,0,15
443,0,3,1,25.0,7.775,2,0,0,25
444,1,2,0,28.0,13.0,1,1,15,25
445,1,3,1,29.69911764705882,8.1125,1,1,0,33
446,1,1,1,4.0,81.8583,3,0,2,25
447,1,2,0,13.0,19.5,2,0,16,33
448,1,1,1,34.0,26.55,1,1,0,27
449,1,3,0,5.0,19.2583,4,0,16,30
450,1,1,1,52.0,30.5,1,1,7,30
451,0,2,1,36.0,27.75,4,0,0,21
452,0,3,1,29.69911764705882,19.9667,2,0,0,31
453,0,1,1,30.0,27.75,1,1,0,31
454,1,1,1,49.0,89.1042,2,0,0,24
455,0,3,1,29.69911764705882,8.05,1,1,0,19
456,1,3,1,29.0,7.8958,1,1,0,18
457,0,1,1,65.0,26.55,1,1,0,25
458,1,1,0,29.69911764705882,51.8625,2,0,1,33
459,1,2,0,50.0,10.5,1,1,16,19
460,0,3,1,29.69911764705882,7.75,1,1,0,21
461,1,1,1,48.0,26.55,1,1,0,19
462,0,3,1,34.0,8.05,1,1,0,19
463,0,1,1,47.0,38.5,1,1,0,17
464,0,2,1,48.0,13.0,1,1,0,28
465,0,3,1,29.69911764705882,8.05,1,1,0,18
466,0,3,1,38.0,7.05,1,1,0,31
467,0,2,1,29.69911764705882,0.0,1,1,0,21
468,0,1,1,56.0,26.55,1,1,0,26
469,0,3,1,29.69911764705882,7.725,1,1,0,18
470,1,3,0,0.75,19.2583,4,0,16,29
471,0,3,1,29.69911764705882,7.25,1,1,0,17
472,0,3,1,38.0,8.6625,1,1,0,15
473,1,2,0,33.0,27.75,4,0,1,39
474,1,2,0,23.0,13.7917,1,1,1,44
475,0,3,0,22.0,9.8375,1,1,16,27
476,0,1,1,29.69911764705882,52.0,1,1,0,27
477,0,2,1,34.0,21.0,2,0,0,23
478,0,3,1,29.0,7.0458,2,0,0,25
479,0,3,1,22.0,7.5208,1,1,0,25
480,1,3,0,2.0,12.2875,2,0,16,24
481,0,3,1,9.0,46.9,8,0,2,30
482,0,2,1,29.69911764705882,0.0,1,1,0,32
483,0,3,1,50.0,8.05,1,1,0,24
484,1,3,0,63.0,9.5875,1,1,1,22
485,1,1,1,25.0,91.0792,2,0,0,23
486,0,3,0,29.69911764705882,25.4667,5,0,16,22
487,1,1,0,35.0,90.0,2,0,1,47
488,0,1,1,58.0,29.7,1,1,0,23
489,0,3,1,30.0,8.05,1,1,0,29
490,1,3,1,9.0,15.9,3,0,2,37
491,0,3,1,29.69911764705882,19.9667,2,0,0,36
492,0,3,1,21.0,7.25,1,1,0,19
493,0,1,1,55.0,30.5,1,1,0,26
494,0,1,1,71.0,49.5042,1,1,0,23
495,0,3,1,21.0,8.05,1,1,0,26
496,0,3,1,29.69911764705882,14.4583,1,1,0,21
497,1,1,0,54.0,78.2667,2,0,16,30
498,0,3,1,29.69911764705882,15.1,1,1,0,31
499,0,1,0,25.0,151.55,4,0,1,47
500,0,3,1,24.0,7.7958,1,1,0,18
501,0,3,1,17.0,8.6625,1,1,0,16
502,0,3,0,21.0,7.75,1,1,16,19
503,0,3,0,29.69911764705882,7.6292,1,1,16,30
504,0,3,0,37.0,9.5875,1,1,16,30
505,1,1,0,16.0,86.5,1,1,16,21
506,0,1,1,18.0,108.9,2,0,0,42
507,1,2,0,33.0,26.0,3,0,1,45
508,1,1,1,29.69911764705882,26.55,1,1,0,45
509,0,3,1,28.0,22.525,1,1,0,24
510,1,3,1,26.0,56.4958,1,1,0,14
511,1,3,1,29.0,7.75,1,1,0,24
512,0,3,1,29.69911764705882,8.05,1,1,0,17
513,1,1,1,36.0,26.2875,1,1,0,25
514,1,1,0,54.0,59.4,2,0,1,46
515,0,3,1,24.0,7.4958,1,1,0,17
516,0,1,1,47.0,34.0208,1,1,0,28
517,1,2,0,34.0,10.5,1,1,1,28
518,0,3,1,29.69911764705882,24.15,1,1,0,17
519,1,2,0,36.0,26.0,2,0,1,52
520,0,3,1,32.0,7.8958,1,1,0,19
521,1,1,0,30.0,93.5,1,1,16,21
522,0,3,1,22.0,7.8958,1,1,0,15
523,0,3,1,29.69911764705882,7.225,1,1,0,18
524,1,1,0,44.0,57.9792,2,0,1,47
525,0,3,1,29.69911764705882,7.2292,1,1,0,17
526,0,3,1,40.5,7.75,1,1,0,18
527,1,2,0,50.0,10.5,1,1,16,20
528,0,1,1,29.69911764705882,221.7792,1,1,0,18
529,0,3,1,39.0,7.925,1,1,0,25
530,0,2,1,23.0,11.5,4,0,0,27
531,1,2,0,2.0,26.0,3,0,16,24
532,0,3,1,29.69911764705882,7.2292,1,1,0,17
533,0,3,1,17.0,7.2292,3,0,0,20
534,1,3,0,29.69911764705882,22.3583,3,0,1,38
535,0,3,0,30.0,8.6625,1,1,16,19
536,1,2,0,7.0,26.25,3,0,16,22
537,0,1,1,45.0,26.55,1,1,7,33
538,1,1,0,30.0,106.425,1,1,16,19
539,0,3,1,29.69911764705882,14.5,1,1,0,24
540,1,1,0,22.0,49.5,3,0,16,34
541,1,1,0,36.0,71.0,3,0,16,23
542,0,3,0,9.0,31.275,7,0,16,36
543,0,3,0,11.0,31.275,7,0,16,33
544,1,2,1,32.0,26.0,2,0,0,17
545,0,1,1,50.0,106.425,2,0,0,26
546,0,1,1,64.0,26.0,1,1,0,28
547,1,2,0,19.0,26.0,2,0,1,33
548,1,2,1,29.69911764705882,13.8625,1,1,0,26
549,0,3,1,33.0,20.525,3,0,0,25
550,1,2,1,8.0,36.75,3,0,2,30
551,1,1,1,17.0,110.8833,3,0,0,27
552,0,2,1,27.0,26.0,1,1,0,27
553,0,3,1,29.69911764705882,7.8292,1,1,0,20
554,1,3,1,22.0,7.225,1,1,0,33
555,1,3,0,22.0,7.775,1,1,16,18
556,0,1,1,62.0,26.55,1,1,0,18
557,1,1,0,48.0,39.6,2,0,12,65
558,0,1,1,29.69911764705882,227.525,1,1,0,19
559,1,1,0,39.0,79.65,3,0,1,38
560,1,3,0,36.0,17.4,2,0,1,44
561,0,3,1,29.69911764705882,7.75,1,1,0,24
562,0,3,1,40.0,7.8958,1,1,0,17
563,0,2,1,28.0,13.5,1,1,0,26
564,0,3,1,29.69911764705882,8.05,1,1,0,17
565,0,3,0,29.69911764705882,8.05,1,1,16,30
566,0,3,1,24.0,24.15,3,0,0,20
567,0,3,1,19.0,7.8958,1,1,0,20
568,0,3,0,29.0,21.075,5,0,1,43
569,0,3,1,29.69911764705882,7.2292,1,1,0,19
570,1,3,1,32.0,7.8542,1,1,0,17
571,1,2,1,62.0,10.5,1,1,0,18
572,1,1,0,53.0,51.4792,3,0,1,45
573,1,1,1,36.0,26.3875,1,1,0,32
574,1,3,0,29.69911764705882,7.75,1,1,16,17
575,0,3,1,16.0,8.05,1,1,0,28
576,0,3,1,19.0,14.5,1,1,0,20
577,1,2,0,34.0,13.0,1,1,16,20
578,1,1,0,39.0,55.9,2,0,1,41
579,0,3,0,29.69911764705882,14.4583,2,0,1,32
580,1,3,1,32.0,7.925,1,1,0,19
581,1,2,0,25.0,30.0,3,0,16,27
582,1,1,0,39.0,110.8833,3,0,1,52
583,0,2,1,54.0,26.0,1,1,0,26
584,0,1,1,36.0,40.125,1,1,0,19
585,0,3,1,29.69911764705882,8.7125,1,1,0,19
586,1,1,0,18.0,79.65,3,0,16,19
587,0,2,1,47.0,15.0,1,1,0,23
588,1,1,1,60.0,79.2,3,0,0,32
589,0,3,1,22.0,8.05,1,1,0,21
590,0,3,1,29.69911764705882,8.05,1,1,0,19
591,0,3,1,35.0,7.125,1,1,0,20
592,1,1,0,52.0,78.2667,2,0,1,47
593,0,3,1,47.0,7.25,1,1,0,26
594,0,3,0,29.69911764705882,7.75,3,0,16,18
595,0,2,1,37.0,26.0,2,0,0,23
596,0,3,1,36.0,24.15,3,0,0,27
597,1,2,0,29.69911764705882,33.0,1,1,16,26
598,0,3,1,49.0,0.0,1,1,0,19
599,0,3,1,29.69911764705882,7.225,1,1,0,17
600,1,1,1,49.0,56.9292,2,0,14,44
601,1,2,0,24.0,27.0,4,0,1,51
602,0,3,1,29.69911764705882,7.8958,1,1,0,20
603,0,1,1,29.69911764705882,42.4,1,1,0,25
604,0,3,1,44.0,8.05,1,1,0,25
605,1,1,1,35.0,26.55,1,1,0,31
606,0,3,1,36.0,15.55,2,0,0,29
607,0,3,1,30.0,7.8958,1,1,0,17
608,1,1,1,27.0,30.5,1,1,0,27
609,1,2,0,22.0,41.5792,4,0,1,53
610,1,1,0,40.0,153.4625,1,1,16,25
611,0,3,0,39.0,31.275,7,0,1,57
612,0,3,1,29.69911764705882,7.05,1,1,0,21
613,1,3,0,29.69911764705882,15.5,2,0,16,27
614,0,3,1,29.69911764705882,7.75,1,1,0,16
615,0,3,1,35.0,8.05,1,1,0,31
616,1,2,0,24.0,65.0,4,0,16,19
617,0,3,1,34.0,14.4,3,0,0,25
618,0,3,0,26.0,16.1,2,0,1,47
619,1,2,0,4.0,39.0,4,0,16,27
620,0,2,1,26.0,10.5,1,1,0,19
621,0,3,1,27.0,14.4542,2,0,0,19
622,1,1,1,42.0,52.5542,2,0,0,28
623,1,3,1,20.0,15.7417,3,0,0,16
624,0,3,1,21.0,7.8542,1,1,0,27
625,0,3,1,21.0,16.1,1,1,0,27
626,0,1,1,61.0,32.3208,1,1,0,21
627,0,2,1,57.0,12.35,1,1,4,30
628,1,1,0,21.0,77.9583,1,1,16,29
629,0,3,1,26.0,7.8958,1,1,0,25
630,0,3,1,29.69911764705882,7.7333,1,1,0,24
631,1,1,1,80.0,30.0,1,1,0,36
632,0,3,1,51.0,7.0542,1,1,0,27
633,1,1,1,32.0,30.5,1,1,3,25
634,0,1,1,29.69911764705882,0.0,1,1,0,29
635,0,3,0,9.0,27.9,6,0,16,18
636,1,2,0,28.0,13.0,1,1,16,17
637,0,3,1,32.0,7.925,1,1,0,26
638,0,2,1,31.0,26.25,3,0,0,19
639,0,3,0,41.0,39.6875,6,0,1,38
640,0,3,1,29.69911764705882,16.1,2,0,0,26
641,0,3,1,20.0,7.8542,1,1,0,22
642,1,1,0,24.0,69.3,1,1,5,20
643,0,3,0,2.0,27.9,6,0,16,29
644,1,3,1,29.69911764705882,56.4958,1,1,0,15
645,1,3,0,0.75,19.2583,4,0,16,22
646,1,1,1,48.0,76.7292,2,0,0,25
647,0,3,1,19.0,7.8958,1,1,0,17
648,1,1,1,56.0,35.5,1,1,6,35
649,0,3,1,29.69911764705882,7.55,1,1,0,18
650,1,3,0,23.0,7.55,1,1,16,31
651,0,3,1,29.69911764705882,7.8958,1,1,0,17
652,1,2,0,18.0,23.0,2,0,16,19
653,0,3,1,21.0,8.4333,1,1,0,30
654,1,3,0,29.69911764705882,7.8292,1,1,16,29
655,0,3,0,18.0,6.75,1,1,16,28
656,0,2,1,24.0,73.5,3,0,0,25
657,0,3,1,29.69911764705882,7.8958,1,1,0,21
658,0,3,0,32.0,15.5,3,0,1,29
659,0,2,1,23.0,13.0,1,1,0,28
660,0,1,1,58.0,113.275,3,0,0,26
661,1,1,1,50.0,133.65,3,0,3,29
662,0,3,1,40.0,7.225,1,1,0,17
663,0,1,1,47.0,25.5875,1,1,0,26
664,0,3,1,36.0,7.4958,1,1,0,16
665,1,3,1,20.0,7.925,2,0,0,27
666,0,2,1,32.0,73.5,3,0,0,18
667,0,2,1,25.0,13.0,1,1,0,27
668,0,3,1,29.69911764705882,7.775,1,1,0,26
669,0,3,1,43.0,8.05,1,1,0,15
670,1,1,0,29.69911764705882,52.0,2,0,1,49
671,1,2,0,40.0,39.0,3,0,1,61
672,0,1,1,31.0,52.0,2,0,0,22
673,0,2,1,70.0,10.5,1,1,0,27
674,1,2,1,31.0,13.0,1,1,0,21
675,0,2,1,29.69911764705882,0.0,1,1,0,26
676,0,3,1,18.0,7.775,1,1,0,30
677,0,3,1,24.5,8.05,1,1,0,29
678,1,3,0,18.0,9.8417,1,1,16,23
679,0,3,0,43.0,46.9,8,0,1,39
680,1,1,1,36.0,512.3292,2,0,0,34
681,0,3,0,29.69911764705882,8.1375,1,1,16,19
682,1,1,1,27.0,76.7292,1,1,0,18
683,0,3,1,20.0,9.225,1,1,0,27
684,0,3,1,14.0,46.9,8,0,0,27
685,0,2,1,60.0,39.0,3,0,0,33
686,0,2,1,25.0,41.5792,4,0,0,38
687,0,3,1,14.0,39.6875,6,0,0,24
688,0,3,1,19.0,10.1708,1,1,0,17
689,0,3,1,18.0,7.7958,1,1,0,31
690,1,1,0,15.0,211.3375,2,0,16,33
691,1,1,1,31.0,57.0,2,0,0,23
692,1,3,0,4.0,13.4167,2,0,16,18
693,1,3,1,29.69911764705882,56.4958,1,1,0,12
694,0,3,1,25.0,7.225,1,1,0,16
695,0,1,1,60.0,26.55,1,1,6,15
696,0,2,1,52.0,13.5,1,1,0,26
697,0,3,1,44.0,8.05,1,1,0,16
698,1,3,0,29.69911764705882,7.7333,1,1,16,32
699,0,1,1,49.0,110.8833,3,0,0,24
700,0,3,1,42.0,7.65,1,1,0,40
701,1,1,0,18.0,227.525,2,0,1,49
702,1,1,1,35.0,26.2875,1,1,0,32
703,0,3,0,18.0,14.4542,2,0,16,21
704,0,3,1,25.0,7.7417,1,1,0,21
705,0,3,1,26.0,7.8542,2,0,0,23
706,0,2,1,39.0,26.0,1,1,0,46
707,1,2,0,45.0,13.5,1,1,1,29
708,1,1,1,42.0,26.2875,1,1,0,33
709,1,1,0,22.0,151.55,1,1,16,20
710,1,3,1,29.69911764705882,15.2458,3,0,2,49
711,1,1,0,24.0,49.5042,1,1,5,48
712,0,1,1,29.69911764705882,26.55,1,1,0,18
713,1,1,1,48.0,52.0,2,0,0,24
714,0,3,1,29.0,9.4833,1,1,0,26
715,0,2,1,52.0,13.0,1,1,0,21
716,0,3,1,19.0,7.65,1,1,0,42
717,1,1,0,38.0,227.525,1,1,16,29
718,1,2,0,27.0,10.5,1,1,16,35
719,0,3,1,29.69911764705882,15.5,1,1,0,19
720,0,3,1,33.0,7.775,1,1,0,28
721,1,2,0,6.0,33.0,2,0,16,33
722,0,3,1,17.0,7.0542,2,0,0,25
723,0,2,1,34.0,13.0,1,1,0,28
724,0,2,1,50.0,13.0,1,1,0,23
725,1,1,1,27.0,53.1,2,0,0,29
726,0,3,1,20.0,8.6625,1,1,0,19
727,1,2,0,30.0,21.0,4,0,1,43
728,1,3,0,29.69911764705882,7.7375,1,1,16,24
729,0,2,1,25.0,26.0,2,0,0,31
730,0,3,0,25.0,7.925,2,0,16,29
731,1,1,0,29.0,211.3375,1,1,16,29
732,0,3,1,11.0,18.7875,1,1,0,24
733,0,2,1,29.69911764705882,0.0,1,1,0,20
734,0,2,1,23.0,13.0,1,1,0,26
735,0,2,1,23.0,13.0,1,1,0,28
736,0,3,1,28.5,16.1,1,1,0,20
737,0,3,0,48.0,34.375,5,0,1,39
738,1,1,1,35.0,512.3292,1,1,0,22
739,0,3,1,29.69911764705882,7.8958,1,1,0,18
740,0,3,1,29.69911764705882,7.8958,1,1,0,18
741,1,1,1,29.69911764705882,30.0,1,1,0,27
742,0,1,1,36.0,78.85,2,0,0,29
743,1,1,0,21.0,262.375,5,0,16,37
744,0,3,1,24.0,16.1,2,0,0,17
745,1,3,1,31.0,7.925,1,1,0,18
746,0,1,1,70.0,71.0,3,0,10,28
747,0,3,1,16.0,20.25,3,0,0,27
748,1,2,0,30.0,13.0,1,1,16,21
749,0,1,1,19.0,53.1,2,0,0,25
750,0,3,1,31.0,7.75,1,1,0,23
751,1,2,0,4.0,23.0,3,0,16,17
752,1,3,1,6.0,12.475,2,0,2,19
753,0,3,1,33.0,9.5,1,1,0,32
754,0,3,1,23.0,7.8958,1,1,0,18
755,1,2,0,48.0,65.0,4,0,1,32
756,1,2,1,0.67,14.5,3,0,2,25
757,0,3,1,28.0,7.7958,1,1,0,28
758,0,2,1,18.0,11.5,1,1,0,24
759,0,3,1,34.0,8.05,1,1,0,28
760,1,1,0,33.0,86.5,1,1,8,56
761,0,3,1,29.69911764705882,14.5,1,1,0,18
762,0,3,1,41.0,7.125,1,1,0,30
763,1,3,1,20.0,7.2292,1,1,0,21
764,1,1,0,36.0,120.0,4,0,1,41
765,0,3,1,16.0,7.775,1,1,0,22
766,1,1,0,51.0,77.9583,2,0,1,36
767,0,1,1,29.69911764705882,39.6,1,1,3,25
768,0,3,0,30.5,7.75,1,1,16,18
769,0,3,1,29.69911764705882,24.15,2,0,0,19
770,0,3,1,32.0,8.3625,1,1,0,32
771,0,3,1,24.0,9.5,1,1,0,22
772,0,3,1,48.0,7.8542,1,1,0,23
773,0,2,0,57.0,10.5,1,1,1,17
774,0,3,1,29.69911764705882,7.225,1,1,0,15
775,1,2,0,54.0,23.0,5,0,1,37
776,0,3,1,18.0,7.75,1,1,0,39
777,0,3,1,29.69911764705882,7.75,1,1,0,16
778,1,3,0,5.0,12.475,1,1,16,29
779,0,3,1,29.69911764705882,7.7375,1,1,0,23
780,1,1,0,43.0,211.3375,2,0,1,53
781,1,3,0,13.0,7.2292,1,1,16,20
782,1,1,0,17.0,57.0,2,0,1,41
783,0,1,1,29.0,30.0,1,1,0,22
784,0,3,1,29.69911764705882,23.45,4,0,0,22
785,0,3,1,25.0,7.05,1,1,0,16
786,0,3,1,25.0,7.25,1,1,0,34
787,1,3,0,18.0,7.4958,1,1,16,25
788,0,3,1,8.0,29.125,6,0,2,25
789,1,3,1,1.0,20.575,4,0,2,26
790,0,1,1,46.0,79.2,1,1,0,24
791,0,3,1,29.69911764705882,7.75,1,1,0,24
792,0,2,1,16.0,26.0,1,1,0,19
793,0,3,0,29.69911764705882,69.55,11,0,16,23
794,0,1,1,29.69911764705882,30.6958,1,1,0,24
795,0,3,1,25.0,7.8958,1,1,0,21
796,0,2,1,39.0,13.0,1,1,0,18
797,1,1,0,49.0,25.9292,1,1,3,27
798,1,3,0,31.0,8.6833,1,1,1,16
799,0,3,1,30.0,7.2292,1,1,0,28
800,0,3,0,30.0,24.15,3,0,1,52
801,0,2,1,34.0,13.0,1,1,0,20
802,1,2,0,31.0,26.25,3,0,1,43
803,1,1,1,11.0,120.0,4,0,2,35
804,1,3,1,0.42,8.5167,2,0,2,31
805,1,3,1,27.0,6.975,1,1,0,23
806,0,3,1,31.0,7.775,1,1,0,25
807,0,1,1,39.0,0.0,1,1,0,22
808,0,3,0,18.0,7.775,1,1,16,31
809,0,2,1,39.0,13.0,1,1,0,17
810,1,1,0,33.0,53.1,2,0,1,46
811,0,3,1,26.0,7.8875,1,1,0,22
812,0,3,1,39.0,24.15,1,1,0,17
813,0,2,1,35.0,10.5,1,1,0,25
814,0,3,0,6.0,31.275,7,0,16,34
815,0,3,1,30.5,8.05,1,1,0,26
816,0,1,1,29.69911764705882,0.0,1,1,0,16
817,0,3,0,23.0,7.925,1,1,16,28
818,0,2,1,31.0,37.0042,3,0,0,18
819,0,3,1,43.0,6.45,1,1,0,32
820,0,3,1,10.0,27.9,6,0,2,28
821,1,1,0,52.0,93.5,3,0,1,50
822,1,3,1,27.0,8.6625,1,1,0,17
823,0,1,1,38.0,0.0,1,1,13,31
824,1,3,0,27.0,12.475,2,0,1,18
825,0,3,1,2.0,39.6875,6,0,2,28
826,0,3,1,29.69911764705882,6.95,1,1,0,15
827,0,3,1,29.69911764705882,56.4958,1,1,0,12
828,1,2,1,1.0,37.0042,3,0,2,21
829,1,3,1,29.69911764705882,7.75,1,1,0,28
830,1,1,0,62.0,80.0,1,1,1,41
831,1,3,0,15.0,14.4542,2,0,1,39
832,1,2,1,0.83,18.75,3,0,2,31
833,0,3,1,29.69911764705882,7.2292,1,1,0,14
834,0,3,1,23.0,7.8542,1,1,0,22
835,0,3,1,18.0,8.3,1,1,0,22
836,1,1,0,39.0,83.1583,3,0,16,27
837,0,3,1,21.0,8.6625,1,1,0,16
838,0,3,1,29.69911764705882,8.05,1,1,0,19
839,1,3,1,32.0,56.4958,1,1,0,15
840,1,1,1,29.69911764705882,29.7,1,1,0,20
841,0,3,1,20.0,7.925,1,1,0,27
842,0,2,1,16.0,10.5,1,1,0,24
843,1,1,0,30.0,31.0,1,1,16,23
844,0,3,1,34.5,6.4375,1,1,0,26
845,0,3,1,17.0,8.6625,1,1,0,19
846,0,3,1,42.0,7.55,1,1,0,19
847,0,3,1,29.69911764705882,69.55,11,0,0,24
848,0,3,1,35.0,7.8958,1,1,0,18
849,0,2,1,28.0,33.0,2,0,4,17
850,1,1,0,29.69911764705882,89.1042,2,0,1,44
851,0,3,1,4.0,31.275,7,0,2,39
852,0,3,1,74.0,7.775,1,1,0,19
853,0,3,0,9.0,15.2458,3,0,16,23
854,1,1,0,16.0,39.4,2,0,16,25
855,0,2,0,44.0,26.0,2,0,1,45
856,1,3,0,18.0,9.35,2,0,1,26
857,1,1,0,45.0,164.8667,3,0,1,42
858,1,1,1,51.0,26.55,1,1,0,22
859,1,3,0,24.0,19.2583,4,0,1,37
860,0,3,1,29.69911764705882,7.2292,1,1,0,16
861,0,3,1,41.0,14.1083,3,0,0,23
862,0,2,1,21.0,11.5,2,0,0,27
863,1,1,0,48.0,25.9292,1,1,1,51
864,0,3,0,29.69911764705882,69.55,11,0,16,33
865,0,2,1,24.0,13.0,1,1,0,22
866,1,2,0,42.0,13.0,1,1,1,24
867,1,2,0,27.0,13.8583,2,0,16,28
868,0,1,1,31.0,50.4958,1,1,0,36
869,0,3,1,29.69911764705882,9.5,1,1,0,27
870,1,3,1,4.0,11.1333,3,0,2,31
871,0,3,1,26.0,7.8958,1,1,0,17
872,1,1,0,47.0,52.5542,3,0,1,48
873,0,1,1,33.0,5.0,1,1,0,24
874,0,3,1,47.0,9.0,1,1,0,27
875,1,2,0,28.0,24.0,2,0,1,37
876,1,3,0,15.0,7.225,1,1,16,32
877,0,3,1,20.0,9.8458,1,1,0,29
878,0,3,1,19.0,7.8958,1,1,0,20
879,0,3,1,29.69911764705882,7.8958,1,1,0,18
880,1,1,0,56.0,83.1583,2,0,1,45
881,1,2,0,25.0,26.0,2,0,1,44
882,0,3,1,33.0,7.8958,1,1,0,18
883,0,3,0,22.0,10.5167,1,1,16,28
884,0,2,1,28.0,10.5,1,1,0,29
885,0,3,1,25.0,7.05,1,1,0,22
886,0,3,0,39.0,29.125,6,0,1,36
887,0,2,1,27.0,13.0,1,1,4,21
888,1,1,0,19.0,30.0,1,1,16,28
889,0,3,0,29.69911764705882,23.45,4,0,16,40
890,1,1,1,26.0,30.0,1,1,0,21
891,0,3,1,32.0,7.75,1,1,0,19
